Team Rank,Team Name,Average Statements,Average Reasons
1,Winning Culture Lab,12.666666666666666,16.0
2,Tech Lab,9.0,10.0
3,Mentor,7.333333333333333,7.666666666666667
4,Student Unicorn Lab,7.333333333333333,6.333333333333333
5,BrandTech Lab,7.0,7.0
6,Growpital,5.0,5.666666666666667
7,Kringle,4.5,4.5
8,Human Capital Lab,2.0,4.5
9,Brandtech Lab,2.0,4.0
